first call	mean	std
reactor.ipc.netty.resources.DefaultPoolResources$Pool.channelCreated(io.netty.channel.Channel)	212.7690476	14.81781336
reactor.ipc.netty.channel.ContextHandler.accept(java.lang.Object)	101.7739683	7.98404849
org.springframework.web.reactive.function.client.DefaultWebClient$DefaultResponseSpec.lambda$bodyToMono$0(java.lang.Class,org.springframework.web.reactive.function.client.ClientResponse)	54.63619048	3.988940834
reactor.ipc.netty.channel.ContextHandler.createOperations(io.netty.channel.Channel,java.lang.Object)	50.50714286	4.970028402
org.springframework.web.reactive.function.client.DefaultClientResponse.bodyToMono(java.lang.Class)	49.79634921	3.66674039
reactor.ipc.netty.http.client.HttpClient$TcpBridgeClient.lambda$doHandler$0(java.util.function.Consumer,java.util.function.BiFunction,io.netty.channel.socket.SocketChannel,reactor.ipc.netty.channel.ContextHandler,java.lang.Object)	49.66761905	4.920230255
reactor.ipc.netty.channel.ContextHandler.accept(io.netty.channel.Channel)	49.5052381	3.196421539
org.springframework.web.reactive.function.client.DefaultClientResponse.body(org.springframework.web.reactive.function.BodyExtractor)	48.85031746	3.611904905
org.springframework.web.reactive.function.BodyExtractors.lambda$toMono$2(org.springframework.core.ResolvableType,org.springframework.http.ReactiveHttpInputMessage,org.springframework.web.reactive.function.BodyExtractor$Context)	47.55047619	3.455702638
org.springframework.web.reactive.function.BodyExtractors.readWithMessageReaders(org.springframework.http.ReactiveHttpInputMessage,org.springframework.web.reactive.function.BodyExtractor$Context,org.springframework.core.ResolvableType,java.util.function.Function,java.util.function.Function,java.util.function.Supplier)	46.56301587	3.393362164
reactor.ipc.netty.http.client.HttpClient$TcpBridgeClient.accept(java.lang.Object,java.lang.Object)	35.92587302	2.843385884
org.springframework.web.util.DefaultUriBuilderFactory.expand(java.lang.String,java.lang.Object[])	33.5431746	15.02812737
reactor.ipc.netty.http.client.MonoHttpClientResponse$HttpClientHandler.apply(java.lang.Object,java.lang.Object)	30.96809524	3.320205032
reactor.ipc.netty.http.client.MonoHttpClientResponse$HttpClientHandler.apply(reactor.ipc.netty.NettyInbound,reactor.ipc.netty.NettyOutbound)	30.89269841	3.312456148
reactor.ipc.netty.http.client.HttpClient.lambda$handler$4(java.util.function.Function,reactor.ipc.netty.http.client.HttpClientRequest)	29.9668254	3.243311959
org.springframework.http.client.reactive.ReactorClientHttpConnector.lambda$connect$1(java.util.function.Function,org.springframework.http.HttpMethod,java.net.URI,reactor.ipc.netty.http.client.HttpClientRequest)	29.82793651	3.233335866
reactor.ipc.netty.http.client.HttpClient$TcpBridgeClient.accept(io.netty.channel.ChannelPipeline,reactor.ipc.netty.channel.ContextHandler)	27.09015873	2.059302927
org.springframework.web.reactive.function.BodyExtractors.lambda$null$0(org.springframework.web.reactive.function.BodyExtractor$Context,org.springframework.http.ReactiveHttpInputMessage,org.springframework.core.ResolvableType,org.springframework.http.codec.HttpMessageReader)	26.76952381	2.162671356
org.springframework.http.codec.DecoderHttpMessageReader.readMono(org.springframework.core.ResolvableType,org.springframework.http.ReactiveHttpInputMessage,java.util.Map)	26.57936508	2.148526164
reactor.ipc.netty.FutureMono$DeferredFutureMono.subscribe(reactor.core.CoreSubscriber)	26.17206349	2.215013819
org.springframework.web.util.DefaultUriBuilderFactory$DefaultUriBuilder.build(java.lang.Object[])	22.89968254	2.806018457
reactor.ipc.netty.http.client.HttpClient$TcpBridgeClient.doHandler(java.util.function.BiFunction,reactor.core.publisher.MonoSink,boolean,java.net.SocketAddress,io.netty.channel.pool.ChannelPool,java.util.function.Consumer)	19.81825397	3.6185398
reactor.ipc.netty.resources.LoopResources.preferNative()	17.03873016	5.460715545
org.springframework.http.client.reactive.ReactorClientHttpConnector.adaptRequest(org.springframework.http.HttpMethod,java.net.URI,reactor.ipc.netty.http.client.HttpClientRequest)	15.89873016	2.049084575
org.springframework.web.util.DefaultUriBuilderFactory$DefaultUriBuilder.createUri(org.springframework.web.util.UriComponents)	15.76206349	2.09850677
org.springframework.web.util.UriComponents.encode()	15.08428571	2.038186803
org.springframework.web.util.HierarchicalUriComponents.encode(java.nio.charset.Charset)	15.02031746	2.032839103
org.springframework.web.util.HierarchicalUriComponents.encode(java.nio.charset.Charset)	14.96714286	2.027902528
org.springframework.core.codec.AbstractDataBufferDecoder.decodeToMono(org.reactivestreams.Publisher,org.springframework.core.ResolvableType,org.springframework.util.MimeType,java.util.Map)	14.46793651	1.340864633
org.springframework.web.reactive.function.client.ExchangeFunctions$DefaultExchangeFunction.lambda$exchange$0(org.springframework.web.reactive.function.client.ClientRequest,org.springframework.http.client.reactive.ClientHttpRequest)	13.82761905	1.455897382
org.springframework.web.reactive.function.client.DefaultClientRequestBuilder$BodyInserterRequest.writeTo(org.springframework.http.client.reactive.ClientHttpRequest,org.springframework.web.reactive.function.client.ExchangeStrategies)	13.76492063	1.450210574
org.springframework.http.client.reactive.ReactorClientHttpResponse.lambda$getBody$0(io.netty.buffer.ByteBuf)	13.68984127	3.253929245
org.springframework.core.io.buffer.NettyDataBufferFactory.wrap(io.netty.buffer.ByteBuf)	13.63174603	3.253875608
org.springframework.web.reactive.function.BodyInserters.lambda$static$0(org.springframework.http.ReactiveHttpOutputMessage,org.springframework.web.reactive.function.BodyInserter$Context)	11.98698413	1.307269825
org.springframework.http.client.reactive.ReactorClientHttpRequest.setComplete()	11.88333333	1.293900219
org.springframework.http.client.reactive.AbstractClientHttpRequest.doCommit(java.util.function.Supplier)	11.43777778	1.268401624
reactor.ipc.netty.resources.DefaultPoolResources.selectOrCreate(java.net.SocketAddress,java.util.function.Supplier,java.util.function.Consumer,io.netty.channel.EventLoopGroup)	11.24222222	1.019013598
org.springframework.web.reactive.function.client.ExchangeFunctions$DefaultExchangeFunction.lambda$exchange$4(org.springframework.http.client.reactive.ClientHttpResponse)	10.86238095	1.605129391
org.springframework.web.util.DefaultUriBuilderFactory.uriString(java.lang.String)	10.5684127	13.92226254
org.springframework.web.reactive.function.client.DefaultWebClient.get()	10.42603175	14.23758602
org.springframework.http.client.reactive.ReactorClientHttpRequest.lambda$setComplete$3()	10.22174603	1.184135261
reactor.ipc.netty.NettyOutbound.then(org.reactivestreams.Publisher)	9.585079365	1.136742593
org.springframework.http.client.reactive.ReactorClientHttpResponse.getBody()	8.865873016	0.9486442037
org.springframework.web.reactive.function.BodyExtractors.lambda$readWithMessageReaders$18(org.springframework.core.ResolvableType,org.springframework.http.MediaType,org.springframework.http.codec.HttpMessageReader)	8.836349206	0.7707722402
org.springframework.http.codec.FormHttpMessageReader.canRead(org.springframework.core.ResolvableType,org.springframework.http.MediaType)	8.786190476	0.7675407617
reactor.ipc.netty.http.client.MonoHttpClientResponse.lambda$subscribe$0(reactor.ipc.netty.http.client.MonoHttpClientResponse$ReconnectableBridge)	8.593650794	0.9596912559
reactor.ipc.netty.NettyInbound.receive()	8.478888889	0.9383557235
org.springframework.web.reactive.function.client.DefaultWebClient.methodInternal(org.springframework.http.HttpMethod)	6.923809524	0.9528627353
org.springframework.http.client.reactive.AbstractClientHttpRequest.lambda$null$0()	4.997301587	0.7051155626
org.springframework.core.ResolvableType.hasUnresolvableGenerics()	4.561269841	0.3678055562
org.springframework.web.reactive.function.BodyExtractors.contentType(org.springframework.http.HttpMessage)	4.500952381	0.5259359436
org.springframework.web.reactive.function.client.DefaultWebClient$DefaultResponseSpec.bodyToPublisher(org.springframework.web.reactive.function.client.ClientResponse,org.reactivestreams.Publisher,java.util.function.Function)	4.498412698	0.5789103238
org.springframework.web.reactive.function.client.ExchangeFunctions$DefaultExchangeFunction.exchange(org.springframework.web.reactive.function.client.ClientRequest)	4.388412698	0.624146926
org.springframework.http.client.reactive.ReactorClientHttpRequest.applyCookies()	4.305396825	0.6720233022
org.springframework.web.reactive.function.client.ClientRequest.create(org.springframework.http.HttpMethod,java.net.URI)	4.197142857	0.7106389447
org.springframework.core.ResolvableType.isAssignableFrom(org.springframework.core.ResolvableType)	4.134761905	0.5081302706
org.springframework.core.ResolvableType.isAssignableFrom(org.springframework.core.ResolvableType,java.util.Map)	4.083015873	0.5048200526
reactor.ipc.netty.http.client.HttpClientOptions.getRemoteAddress(java.net.URI)	3.976190476	0.5443546596
org.springframework.web.reactive.function.client.DefaultClientRequestBuilder.build()	3.802380952	0.6155129859
org.springframework.web.util.UriComponents.expand(java.lang.Object[])	3.79015873	0.5015673595
org.springframework.http.client.reactive.ReactorClientHttpConnector.adaptResponse(reactor.ipc.netty.http.client.HttpClientResponse)	3.764126984	0.7637951087
reactor.ipc.netty.options.ClientOptions.createInetSocketAddress(java.lang.String,int,boolean)	3.706984127	0.5239612094
reactor.ipc.netty.http.client.HttpClient$TcpBridgeClient.doHandler(java.util.function.BiFunction,reactor.core.publisher.MonoSink,boolean,java.net.SocketAddress,io.netty.channel.pool.ChannelPool,java.util.function.Consumer)	3.557777778	0.3304659743
org.springframework.web.reactive.function.client.DefaultWebClient$DefaultResponseSpec.lambda$bodyToPublisher$4(org.springframework.web.reactive.function.client.ClientResponse,org.springframework.web.reactive.function.client.DefaultWebClient$DefaultResponseSpec$StatusHandler)	3.538412698	0.5341636583
org.springframework.core.ResolvableType.getSuperType()	3.486349206	0.3020159861
org.springframework.core.io.buffer.DataBufferUtils.lambda$join$17(java.util.List)	3.336031746	0.671143397
org.springframework.http.client.reactive.ReactorClientHttpResponse.getHeaders()	3.2	0.3967006788
org.springframework.core.io.buffer.NettyDataBufferFactory.join(java.util.List)	3.156825397	0.6543476708
org.springframework.http.codec.DecoderHttpMessageReader.getContentType(org.springframework.http.HttpMessage)	3.127936508	0.3974967654
org.springframework.web.util.UriComponentsBuilder.build()	3.091111111	0.4664833351
reactor.ipc.netty.channel.ContextHandler.newClientContext(reactor.core.publisher.MonoSink,reactor.ipc.netty.options.ClientOptions,io.netty.handler.logging.LoggingHandler,boolean,java.net.SocketAddress,io.netty.channel.pool.ChannelPool,reactor.ipc.netty.channel.ChannelOperations$OnNew)	3.044126984	0.2782292929
org.springframework.web.util.UriComponentsBuilder.build(boolean)	3.038888889	0.4648983883
reactor.ipc.netty.options.ClientOptions.get()	2.906507937	0.2676479489
org.springframework.web.reactive.function.client.DefaultWebClient$DefaultResponseSpec$StatusHandler.test(org.springframework.http.HttpStatus)	2.864603175	0.4783099394
org.springframework.web.util.HierarchicalUriComponents.expandInternal(org.springframework.web.util.UriComponents$UriTemplateVariables)	2.82015873	0.3654677024
reactor.ipc.netty.options.ClientOptions.get()	2.798412698	0.2619778638
org.springframework.http.HttpStatus.isError()	2.787936508	0.4736590386
org.springframework.web.util.HierarchicalUriComponents.expandInternal(org.springframework.web.util.UriComponents$UriTemplateVariables)	2.733333333	0.3539123737
org.springframework.web.util.UriComponentsBuilder$CompositePathComponentBuilder.build()	2.674603175	0.4319568813
reactor.ipc.netty.options.ClientOptions.groupAndChannel(io.netty.bootstrap.Bootstrap)	2.602698413	0.2513784622
org.springframework.web.util.UriComponentsBuilder$FullPathComponentBuilder.build()	2.591269841	0.4245838002
org.springframework.http.HttpStatus.is4xxClientError()	2.460793651	0.4528404239
org.springframework.web.util.HierarchicalUriComponents.expandQueryParams(org.springframework.web.util.UriComponents$UriTemplateVariables)	2.044603175	0.2685813725
org.springframework.core.SerializableTypeWrapper.forGenericSuperclass(java.lang.Class)	2.040793651	0.1920011705
org.springframework.http.client.reactive.ReactorClientHttpConnector.connect(org.springframework.http.HttpMethod,java.net.URI,java.util.function.Function)	1.859047619	0.3959786522
org.springframework.http.client.reactive.ReactorClientHttpResponse.getHeaders()	1.851269841	0.2565305271
reactor.ipc.netty.http.client.HttpClient$TcpBridgeClient.newHandler(java.util.function.BiFunction,java.net.InetSocketAddress,boolean,java.util.function.Consumer)	1.821904762	0.3187318978
reactor.ipc.netty.tcp.TcpClient.newHandler(java.util.function.BiFunction,java.net.InetSocketAddress,boolean,java.util.function.Consumer)	1.733968254	0.3119856513
reactor.ipc.netty.resources.LoopResources.onChannel(io.netty.channel.EventLoopGroup)	1.716666667	0.167237119
reactor.ipc.netty.channel.ContextHandler.newClientContext(reactor.core.publisher.MonoSink,reactor.ipc.netty.options.ClientOptions,io.netty.handler.logging.LoggingHandler,boolean,java.net.SocketAddress,io.netty.channel.pool.ChannelPool,reactor.ipc.netty.channel.ChannelOperations$OnNew)	1.695396825	0.8344370318
org.springframework.web.util.HierarchicalUriComponents$FullPathComponent.encode(java.util.function.BiFunction)	1.478571429	0.2161264852
org.springframework.web.util.HierarchicalUriComponents.encodeUriComponent(java.lang.String,java.nio.charset.Charset,org.springframework.web.util.HierarchicalUriComponents$Type)	1.42031746	0.187243736
org.springframework.web.util.HierarchicalUriComponents.lambda$encode$2(java.nio.charset.Charset,java.lang.String,org.springframework.web.util.HierarchicalUriComponents$Type)	1.323650794	0.1979442088
org.springframework.web.util.HierarchicalUriComponents.encodeUriComponent(java.lang.String,java.nio.charset.Charset,org.springframework.web.util.HierarchicalUriComponents$Type)	1.268412698	0.1915617216
org.springframework.http.HttpHeaders.getContentType()	1.21968254	0.163900553
org.springframework.http.HttpHeaders.getContentType()	1.198253968	0.1983146424
org.springframework.core.ResolvableType.asVariableResolver()	1.155396825	0.1377924065
org.springframework.core.codec.AbstractDataBufferDecoder.lambda$decodeToMono$1(org.springframework.core.ResolvableType,org.springframework.util.MimeType,java.util.Map,org.springframework.core.io.buffer.DataBuffer)	1.141428571	0.1399076469
org.springframework.core.codec.StringDecoder.decodeDataBuffer(org.springframework.core.io.buffer.DataBuffer,org.springframework.core.ResolvableType,org.springframework.util.MimeType,java.util.Map)	1.08968254	0.1372747015
org.springframework.web.util.HierarchicalUriComponents.encodeQueryParams(java.util.function.BiFunction)	1.068888889	0.1930466767
org.springframework.core.codec.StringDecoder.decodeDataBuffer(org.springframework.core.io.buffer.DataBuffer,org.springframework.core.ResolvableType,org.springframework.util.MimeType,java.util.Map)	1.03984127	0.1316017569
org.springframework.web.reactive.function.client.DefaultClientRequestBuilder.headers(java.util.function.Consumer)	1.035555556	0.1538271322
reactor.ipc.netty.NettyPipeline.inboundHandler(java.util.function.BiConsumer)	0.9901587302	0.1944017446
reactor.ipc.netty.resources.DefaultPoolResources$Pool.operationComplete(io.netty.util.concurrent.Future)	0.9711111111	0.1059666182
org.springframework.http.client.reactive.ReactorClientHttpResponse.lambda$getHeaders$1(org.springframework.http.HttpHeaders,java.util.Map$Entry)	0.9393650794	0.1423150207
org.springframework.http.MediaType.parseMediaType(java.lang.String)	0.9217460317	0.1623589956
org.springframework.http.MediaType.parseMediaType(java.lang.String)	0.9061904762	0.1288955351
org.springframework.web.reactive.function.BodyExtractors.lambda$readWithMessageReaders$18(org.springframework.core.ResolvableType,org.springframework.http.MediaType,org.springframework.http.codec.HttpMessageReader)	0.9015873016	0.1255869565
org.springframework.http.codec.DecoderHttpMessageReader.canRead(org.springframework.core.ResolvableType,org.springframework.http.MediaType)	0.8538095238	0.1210985244
org.springframework.web.reactive.function.BodyExtractors.toMono(java.lang.Class)	0.8519047619	0.1427602846
org.springframework.web.reactive.function.BodyExtractors.lambda$readWithMessageReaders$18(org.springframework.core.ResolvableType,org.springframework.http.MediaType,org.springframework.http.codec.HttpMessageReader)	0.8371428571	0.1166520885
org.springframework.http.HttpHeaders.add(java.lang.String,java.lang.String)	0.813968254	0.1290691913
org.springframework.web.reactive.function.BodyExtractors.lambda$readWithMessageReaders$18(org.springframework.core.ResolvableType,org.springframework.http.MediaType,org.springframework.http.codec.HttpMessageReader)	0.8112698413	0.1241030302
org.springframework.http.codec.json.AbstractJackson2Decoder.canDecode(org.springframework.core.ResolvableType,org.springframework.util.MimeType)	0.8023809524	0.1157133059
org.springframework.http.HttpHeaders.addAll(org.springframework.util.MultiValueMap)	0.7792063492	0.1098816331
reactor.ipc.netty.http.client.HttpClient.request(io.netty.handler.codec.http.HttpMethod,java.lang.String,java.util.function.Function)	0.7655555556	0.1638696518
org.springframework.http.codec.DecoderHttpMessageReader.canRead(org.springframework.core.ResolvableType,org.springframework.http.MediaType)	0.763968254	0.1168982692
org.springframework.http.codec.DecoderHttpMessageReader.canRead(org.springframework.core.ResolvableType,org.springframework.http.MediaType)	0.7614285714	0.1031235527
org.springframework.core.io.buffer.DataBufferUtils.join(org.reactivestreams.Publisher)	0.7444444444	0.1186936537
org.springframework.web.reactive.function.BodyExtractors.toMono(org.springframework.core.ResolvableType)	0.7158730159	0.09897305903
org.springframework.core.codec.StringDecoder.canDecode(org.springframework.core.ResolvableType,org.springframework.util.MimeType)	0.7157142857	0.1110085695
org.springframework.web.util.DefaultUriBuilderFactory$DefaultUriBuilder.initUriComponentsBuilder(java.lang.String)	0.6955555556	0.09049735202
reactor.ipc.netty.channel.ClientContextHandler.doPipeline(io.netty.channel.Channel)	0.6922222222	0.2003207305
org.springframework.core.codec.ByteArrayDecoder.canDecode(org.springframework.core.ResolvableType,org.springframework.util.MimeType)	0.6884126984	0.09267122889
reactor.ipc.netty.http.client.MonoHttpClientResponse.subscribe(reactor.core.CoreSubscriber)	0.6880952381	1.273827948
org.springframework.web.util.HierarchicalUriComponents.encodeUriComponent(java.lang.String,java.nio.charset.Charset,org.springframework.web.util.HierarchicalUriComponents$Type)	0.6841269841	0.08230093677
org.springframework.core.ResolvableType$WildcardBounds.get(org.springframework.core.ResolvableType)	0.6711111111	0.08357319976
org.springframework.core.codec.AbstractDecoder.canDecode(org.springframework.core.ResolvableType,org.springframework.util.MimeType)	0.61	0.09752492559
org.springframework.http.client.reactive.ReactorClientHttpResponse.lambda$getHeaders$1(org.springframework.http.HttpHeaders,java.util.Map$Entry)	0.6077777778	0.0973529733
org.springframework.web.reactive.function.client.DefaultClientResponse.statusCode()	0.5903174603	0.09683840662
org.springframework.http.client.reactive.ReactorClientHttpResponse.lambda$getHeaders$1(org.springframework.http.HttpHeaders,java.util.Map$Entry)	0.5742857143	0.09252565986
org.springframework.http.client.reactive.ReactorClientHttpResponse.lambda$getHeaders$1(org.springframework.http.HttpHeaders,java.util.Map$Entry)	0.5668253968	0.08797231521
org.springframework.http.client.reactive.ReactorClientHttpRequest.applyHeaders()	0.5619047619	0.08611283006
org.springframework.http.client.reactive.ReactorClientHttpResponse.lambda$getHeaders$1(org.springframework.http.HttpHeaders,java.util.Map$Entry)	0.5612698413	0.1017855209
org.springframework.core.codec.AbstractDecoder.canDecode(org.springframework.core.ResolvableType,org.springframework.util.MimeType)	0.5584126984	0.07793376001
org.springframework.http.client.reactive.ReactorClientHttpResponse.lambda$getHeaders$1(org.springframework.http.HttpHeaders,java.util.Map$Entry)	0.5582539683	0.1014113059
org.springframework.http.HttpHeaders.add(java.lang.String,java.lang.String)	0.5477777778	0.08964558868
org.springframework.web.reactive.function.BodyExtractors.lambda$readWithMessageReaders$18(org.springframework.core.ResolvableType,org.springframework.http.MediaType,org.springframework.http.codec.HttpMessageReader)	0.5425396825	0.07213233548
org.springframework.http.client.reactive.ReactorClientHttpResponse.getStatusCode()	0.5388888889	0.09309682809
org.springframework.web.util.UriComponents.toString()	0.5273015873	0.07528161624
org.springframework.http.HttpHeaders.add(java.lang.String,java.lang.String)	0.5171428571	0.0845985585
org.springframework.http.HttpHeaders.add(java.lang.String,java.lang.String)	0.5125396825	0.08127883135
org.springframework.http.HttpHeaders.add(java.lang.String,java.lang.String)	0.506984127	0.09014335885
org.springframework.http.HttpHeaders.add(java.lang.String,java.lang.String)	0.5052380952	0.0921154752
org.springframework.web.reactive.function.BodyExtractors.lambda$readWithMessageReaders$18(org.springframework.core.ResolvableType,org.springframework.http.MediaType,org.springframework.http.codec.HttpMessageReader)	0.4974603175	0.07617790902
org.springframework.http.codec.DecoderHttpMessageReader.canRead(org.springframework.core.ResolvableType,org.springframework.http.MediaType)	0.4926984127	0.06674296465
org.springframework.web.util.HierarchicalUriComponents.toUriString()	0.4814285714	0.07052765174
org.springframework.web.reactive.function.BodyExtractors.lambda$readWithMessageReaders$18(org.springframework.core.ResolvableType,org.springframework.http.MediaType,org.springframework.http.codec.HttpMessageReader)	0.4533333333	0.06824326236
org.springframework.core.codec.StringDecoder.canDecode(org.springframework.core.ResolvableType,org.springframework.util.MimeType)	0.4476190476	0.06166252974
org.springframework.web.reactive.function.BodyExtractors.lambda$readWithMessageReaders$18(org.springframework.core.ResolvableType,org.springframework.http.MediaType,org.springframework.http.codec.HttpMessageReader)	0.4473015873	0.0662895608
org.springframework.http.codec.ServerSentEventHttpMessageReader.canRead(org.springframework.core.ResolvableType,org.springframework.http.MediaType)	0.446984127	0.06722704767
reactor.ipc.netty.tcp.TcpClient.lambda$newHandler$1(java.net.InetSocketAddress,boolean,java.util.function.BiFunction,java.util.function.Consumer,reactor.core.publisher.MonoSink)	0.4412698413	0.4398899287
reactor.ipc.netty.http.client.HttpClient.handler(java.util.function.Function,reactor.ipc.netty.http.client.HttpClientOptions)	0.4411111111	0.09570309761
org.springframework.util.MimeTypeUtils.parseMimeType(java.lang.String)	0.4180952381	0.0802546966
org.springframework.web.util.UriComponentsBuilder.cloneBuilder()	0.4028571429	0.06011704381
org.springframework.http.codec.DecoderHttpMessageReader.canRead(org.springframework.core.ResolvableType,org.springframework.http.MediaType)	0.4014285714	0.06192307421
org.springframework.core.codec.AbstractDecoder.canDecode(org.springframework.core.ResolvableType,org.springframework.util.MimeType)	0.3979365079	0.0543696557
org.springframework.http.codec.DecoderHttpMessageReader.canRead(org.springframework.core.ResolvableType,org.springframework.http.MediaType)	0.3942857143	0.05556961273
org.springframework.util.MimeTypeUtils.parseMimeType(java.lang.String)	0.3923809524	0.05016525977
org.springframework.core.ResolvableType.isArray()	0.3825396825	0.06524601196
reactor.ipc.netty.channel.ClientContextHandler.addProxyHandler(reactor.ipc.netty.options.ClientOptions,io.netty.channel.ChannelPipeline,java.net.SocketAddress)	0.3785714286	0.3097713296
org.springframework.http.client.reactive.AbstractClientHttpRequest.lambda$doCommit$1()	0.3714285714	0.1193880846
org.springframework.web.reactive.function.client.DefaultWebClient$DefaultResponseSpec.bodyToMono(java.lang.Class)	0.3593650794	0.07391271162
org.springframework.http.HttpHeaders.readOnlyHttpHeaders(org.springframework.http.HttpHeaders)	0.3520634921	0.04744784037
org.springframework.core.codec.DataBufferDecoder.canDecode(org.springframework.core.ResolvableType,org.springframework.util.MimeType)	0.3482539683	0.05349795079
org.springframework.core.codec.AbstractDecoder.lambda$canDecode$0(org.springframework.util.MimeType,org.springframework.util.MimeType)	0.3482539683	0.05821524599
org.springframework.core.codec.ByteBufferDecoder.canDecode(org.springframework.core.ResolvableType,org.springframework.util.MimeType)	0.3419047619	0.04950091046
org.springframework.core.codec.AbstractDecoder.lambda$canDecode$0(org.springframework.util.MimeType,org.springframework.util.MimeType)	0.3395238095	0.04779016872
org.springframework.core.ResolvableType.hasUnresolvableGenerics()	0.3387301587	0.03709670175
reactor.ipc.netty.options.InetSocketAddressUtil.createInetSocketAddress(java.lang.String,int,boolean)	0.3276190476	0.05160024258
org.springframework.http.HttpStatus.series()	0.3250793651	0.04934083006
org.springframework.web.util.HierarchicalUriComponents$Type$7.isAllowed(int)	0.3246031746	0.0592767359
org.springframework.web.reactive.function.client.DefaultClientRequestBuilder.cookies(java.util.function.Consumer)	0.3174603175	0.06125585826
org.springframework.util.MimeType.isCompatibleWith(org.springframework.util.MimeType)	0.2996825397	0.05221956861
org.springframework.util.CollectionUtils.unmodifiableMultiValueMap(org.springframework.util.MultiValueMap)	0.2946031746	0.04803521846
org.springframework.util.MimeType.isCompatibleWith(org.springframework.util.MimeType)	0.2938095238	0.04210450232
org.springframework.util.LinkedCaseInsensitiveMap.put(java.lang.Object,java.lang.Object)	0.2906349206	0.05245929687
org.springframework.util.CollectionUtils.unmodifiableMultiValueMap(org.springframework.util.MultiValueMap)	0.2798412698	0.04789181139
org.springframework.util.LinkedCaseInsensitiveMap.put(java.lang.Object,java.lang.Object)	0.2725396825	0.05380648022
org.springframework.util.CollectionUtils.unmodifiableMultiValueMap(org.springframework.util.MultiValueMap)	0.2712698413	0.04894091233
org.springframework.util.CollectionUtils.unmodifiableMultiValueMap(org.springframework.util.MultiValueMap)	0.2704761905	0.04674919816
org.springframework.util.LinkedCaseInsensitiveMap.put(java.lang.Object,java.lang.Object)	0.27	0.04375255095
org.springframework.util.LinkedCaseInsensitiveMap.put(java.lang.Object,java.lang.Object)	0.2687301587	0.04347931687
org.springframework.http.MediaType.includes(org.springframework.http.MediaType)	0.2617460317	0.03815339476
org.springframework.util.LinkedCaseInsensitiveMap.put(java.lang.Object,java.lang.Object)	0.2596825397	0.04836922326
org.springframework.util.LinkedCaseInsensitiveMap.put(java.lang.Object,java.lang.Object)	0.2580952381	0.04428827438
org.springframework.http.HttpStatus.is5xxServerError()	0.2553968254	0.04349148418
reactor.ipc.netty.channel.ContextHandler.createOperations(io.netty.channel.Channel,java.lang.Object)	0.2547619048	0.03274999784
org.springframework.web.util.HierarchicalUriComponents$Type.isPchar(int)	0.2515873016	0.04834421386
org.springframework.core.ResolvableType$WildcardBounds.get(org.springframework.core.ResolvableType)	0.2455555556	0.03744955455
org.springframework.util.LinkedCaseInsensitiveMap.put(java.lang.String,java.lang.Object)	0.2417460317	0.04565361936
org.springframework.http.HttpStatus$Series.valueOf(org.springframework.http.HttpStatus)	0.2326984127	0.03912561574
org.springframework.core.ResolvableType.resolveType()	0.2279365079	0.03639111745
org.springframework.util.LinkedCaseInsensitiveMap.put(java.lang.String,java.lang.Object)	0.2233333333	0.03612148813
org.springframework.util.Assert.isInstanceOf(java.lang.Class,java.lang.Object)	0.2225396825	0.1335708391
org.springframework.core.codec.AbstractDecoder.canDecode(org.springframework.core.ResolvableType,org.springframework.util.MimeType)	0.2219047619	0.03398679215
org.springframework.core.codec.AbstractDecoder.canDecode(org.springframework.core.ResolvableType,org.springframework.util.MimeType)	0.2215873016	0.03577736933
org.springframework.web.util.UriComponentsBuilder$CompositePathComponentBuilder.cloneBuilder()	0.2214285714	0.03151503259
reactor.ipc.netty.channel.ClientContextHandler.getSNI()	0.220952381	0.1262740065
org.springframework.util.LinkedCaseInsensitiveMap.put(java.lang.String,java.lang.Object)	0.2192063492	0.03657137346
org.springframework.util.LinkedCaseInsensitiveMap.put(java.lang.String,java.lang.Object)	0.2185714286	0.03931384274
org.springframework.util.LinkedCaseInsensitiveMap.put(java.lang.String,java.lang.Object)	0.2157142857	0.04211527211
org.springframework.util.LinkedCaseInsensitiveMap.put(java.lang.String,java.lang.Object)	0.2134920635	0.03830366264
org.springframework.util.MimeType.includes(org.springframework.util.MimeType)	0.2092063492	0.03103002066
org.springframework.core.ResolvableType.resolveType()	0.2074603175	0.03833719459
reactor.ipc.netty.ByteBufFlux.subscribe(reactor.core.CoreSubscriber)	0.2055555556	0.02653406183
reactor.ipc.netty.FutureMono.deferFuture(java.util.function.Supplier)	0.2053968254	0.06096643357
org.springframework.http.HttpStatus.series()	0.1992063492	0.03153740975
org.springframework.web.reactive.function.BodyExtractors.lambda$readWithMessageReaders$18(org.springframework.core.ResolvableType,org.springframework.http.MediaType,org.springframework.http.codec.HttpMessageReader)	0.1966666667	0.03385309064
org.springframework.core.codec.AbstractDecoder.lambda$canDecode$0(org.springframework.util.MimeType,org.springframework.util.MimeType)	0.1926984127	0.02744150195
org.springframework.http.HttpHeaders.getFirst(java.lang.String)	0.1893650794	0.03075107513
reactor.ipc.netty.channel.ContextHandler.addSslAndLogHandlers(reactor.ipc.netty.options.NettyOptions,reactor.ipc.netty.channel.ContextHandler,io.netty.handler.logging.LoggingHandler,boolean,reactor.util.function.Tuple2,io.netty.channel.ChannelPipeline)         <reactor.ipc.netty.resources.DefaultPoolResources$Pool.acquire()	0.1774603175	0.1858397351
org.springframework.web.util.HierarchicalUriComponents$FullPathComponent.expand(org.springframework.web.util.UriComponents$UriTemplateVariables,java.util.function.UnaryOperator)	0.1761904762	0.03538579086
org.springframework.web.util.HierarchicalUriComponents$Type$7.isAllowed(int)	0.1746031746	0.03064519936
reactor.ipc.netty.ByteBufFlux.fromInbound(org.reactivestreams.Publisher,io.netty.buffer.ByteBufAllocator)	0.1742857143	0.02641033262
org.springframework.core.codec.AbstractDecoder.lambda$canDecode$0(org.springframework.util.MimeType,org.springframework.util.MimeType)	0.1723809524	0.03499271061
org.springframework.http.HttpHeaders.getFirst(java.lang.String)	0.1706349206	0.02855643345
org.springframework.web.reactive.function.client.DefaultClientResponse$1.messageReaders()	0.1704761905	0.02590756287
org.springframework.web.util.HierarchicalUriComponents$Type$7.isAllowed(int)	0.1696825397	0.03491341917
org.springframework.http.HttpStatus.valueOf(int)	0.169047619	0.05482191329
org.springframework.core.codec.AbstractDecoder.lambda$canDecode$0(org.springframework.util.MimeType,org.springframework.util.MimeType)	0.1658730159	0.02585889185
org.springframework.core.io.buffer.DataBufferUtils.release(org.springframework.core.io.buffer.DataBuffer)	0.1649206349	0.02611774413
org.springframework.web.util.HierarchicalUriComponents$Type$7.isAllowed(int)	0.1622222222	0.02560037478
org.springframework.core.ResolvableType.hasGenerics()	0.1617460317	0.02591436952
org.springframework.web.util.HierarchicalUriComponents$Type$7.isAllowed(int)	0.1614285714	0.0230841898
org.springframework.core.codec.AbstractDecoder.lambda$canDecode$0(org.springframework.util.MimeType,org.springframework.util.MimeType)	0.1611111111	0.02582671873
org.springframework.util.LinkedCaseInsensitiveMap.get(java.lang.Object)	0.1584126984	0.02939637971
org.springframework.core.ResolvableType.hasGenerics()	0.156984127	0.02368007136
org.springframework.http.HttpStatus$Series.valueOf(org.springframework.http.HttpStatus)	0.1568253968	0.02474154637
org.springframework.web.util.HierarchicalUriComponents$Type$4.isAllowed(int)	0.1519047619	0.02499886619
org.springframework.http.codec.DecoderHttpMessageReader.canRead(org.springframework.core.ResolvableType,org.springframework.http.MediaType)	0.1512698413	0.02491203977
reactor.ipc.netty.NettyOutbound.alloc()	0.1422222222	0.05316773232
org.springframework.web.util.HierarchicalUriComponents$Type.isUnreserved(int)	0.1415873016	0.02812705579
org.springframework.core.ResolvableType.forType(java.lang.reflect.Type,org.springframework.core.ResolvableType$VariableResolver)	0.1395238095	0.02103878289
org.springframework.util.ClassUtils.isAssignable(java.lang.Class,java.lang.Class)	0.139047619	0.01981776385
org.springframework.web.util.UriComponentsBuilder$FullPathComponentBuilder.cloneBuilder()	0.1371428571	0.02379999809
org.springframework.util.LinkedCaseInsensitiveMap.get(java.lang.Object)	0.1365079365	0.02795453964
reactor.ipc.netty.resources.LoopResources.preferNative()	0.1355555556	0.0268905942
org.springframework.util.LinkedCaseInsensitiveMap.get(java.lang.Object)	0.1350793651	0.02531534549
org.springframework.core.ResolvableType.getGenerics()	0.1342857143	0.0302746311
org.springframework.core.ResolvableType.forType(java.lang.reflect.Type,org.springframework.core.ResolvableType$VariableResolver)	0.1338095238	0.0272803535
reactor.ipc.netty.options.InetSocketAddressUtil.createForIpString(java.lang.String,int)	0.1326984127	0.0250210292
org.springframework.util.LinkedCaseInsensitiveMap.get(java.lang.Object)	0.1317460317	0.02433494336
org.springframework.core.codec.StringDecoder.getCharset(org.springframework.util.MimeType)	0.1317460317	0.01864792278
org.springframework.web.util.HierarchicalUriComponents$Type.isPchar(int)	0.13	0.02429971585
org.springframework.util.LinkedCaseInsensitiveMap.get(java.lang.Object)	0.1298412698	0.02299013339
org.springframework.http.HttpHeaders.entrySet()	0.1284126984	0.0219093623
reactor.ipc.netty.resources.LoopResources.preferNative()	0.1280952381	0.02467934956
org.springframework.util.MimeType.isCompatibleWith(org.springframework.util.MimeType)	0.1280952381	0.01917812435
org.springframework.web.util.HierarchicalUriComponents$Type$4.isAllowed(int)	0.1277777778	0.0184687161
org.springframework.util.MimeType.isCompatibleWith(org.springframework.util.MimeType)	0.1274603175	0.02861724721
org.springframework.util.LinkedCaseInsensitiveMap.get(java.lang.Object)	0.1273015873	0.02276214828
org.springframework.web.util.HierarchicalUriComponents$Type$4.isAllowed(int)	0.1247619048	0.02356060357
org.springframework.web.util.HierarchicalUriComponents$Type.isPchar(int)	0.123968254	0.02722858457
org.springframework.web.util.HierarchicalUriComponents$Type$4.isAllowed(int)	0.1228571429	0.0468509481
org.springframework.util.LinkedCaseInsensitiveMap.get(java.lang.Object)	0.1226984127	0.02176398286
reactor.ipc.netty.http.client.MonoHttpClientResponse$ReconnectableBridge.accept(java.lang.Object)	0.1222222222	0.02119032757
reactor.ipc.netty.http.Cookies.newClientResponseHolder(io.netty.handler.codec.http.HttpHeaders)	0.1222222222	0.02235673574
org.springframework.web.util.HierarchicalUriComponents$Type$4.isAllowed(int)	0.1217460317	0.01931687991
org.springframework.core.ResolvableType.getGenerics()	0.1204761905	0.01577908717
org.springframework.web.util.HierarchicalUriComponents$Type$4.isAllowed(int)	0.12	0.02410295378
org.springframework.util.LinkedCaseInsensitiveMap.get(java.lang.Object)	0.12	0.02253744679
org.springframework.util.MimeType.isCompatibleWith(org.springframework.util.MimeType)	0.12	0.02015810523
org.springframework.core.ResolvableType.getGenerics()	0.119047619	0.02037071394
org.springframework.core.ResolvableType.forType(java.lang.reflect.Type,org.springframework.core.ResolvableType$VariableResolver)	0.1184126984	0.02169092775
org.springframework.web.util.HierarchicalUriComponents$Type.isPchar(int)	0.1182539683	0.02004278618
org.springframework.web.util.HierarchicalUriComponents$Type$4.isAllowed(int)	0.1179365079	0.01920306938
org.springframework.web.util.HierarchicalUriComponents$Type$1.isAllowed(int)	0.1177777778	0.01578068384
org.springframework.web.util.HierarchicalUriComponents$Type.isPchar(int)	0.1174603175	0.0179919077
org.springframework.util.MimeType.isCompatibleWith(org.springframework.util.MimeType)	0.1166666667	0.01868706369
org.springframework.core.ResolvableType.isArray()	0.1165079365	0.0208668287
org.springframework.web.util.HierarchicalUriComponents$Type$4.isAllowed(int)	0.116031746	0.01608900665
org.springframework.web.util.HierarchicalUriComponents$Type$4.isAllowed(int)	0.1153968254	0.01640996569
org.springframework.core.ResolvableType.getGenerics()	0.1150793651	0.01753662977
org.springframework.util.Assert.isInstanceOf(java.lang.Class,java.lang.Object,java.lang.String)	0.1149206349	0.02061537536
org.springframework.util.LinkedMultiValueMap.addAll(org.springframework.util.MultiValueMap)	0.1093650794	0.0222448864
org.springframework.web.reactive.function.client.ExchangeFunctions$DefaultExchangeFunction.lambda$exchange$1(org.reactivestreams.Subscription)	0.1053968254	0.01867222679
reactor.ipc.netty.resources.DefaultLoopEpoll.hasEpoll()	0.1044444444	0.01137775298
org.springframework.core.io.buffer.NettyDataBuffer.factory()	0.1036507937	0.01896543115
reactor.ipc.netty.resources.DefaultLoopKQueue.hasKQueue()	0.1033333333	0.01259881577
org.springframework.web.reactive.function.BodyInserters.empty()	0.103015873	0.0164880833
org.springframework.http.HttpStatus$Series.valueOf(int)	0.1025396825	0.01807991554
org.springframework.core.codec.ResourceDecoder.canDecode(org.springframework.core.ResolvableType,org.springframework.util.MimeType)	0.1022222222	0.01897738374
reactor.ipc.netty.options.NettyOptions.onChannelInit()	0.1014285714	0.1715740124
reactor.ipc.netty.options.NettyOptions.get()	0.1004761905	0.01350233036
reactor.ipc.netty.options.ClientOptions.useProxy(java.net.SocketAddress)	0.09984126984	0.1319631029
reactor.ipc.netty.resources.DefaultPoolResources$SocketAddressHolder.hashCode()	0.09984126984	0.02400344311
org.springframework.http.HttpStatus.resolve(int)	0.09968253968	0.020776074
org.springframework.core.ResolvableType.equals(java.lang.Object)	0.09952380952	0.02050385728
org.springframework.http.HttpMethod.values()	0.09936507937	0.01859108985
org.springframework.util.LinkedMultiValueMap.putAll(java.util.Map)	0.09761904762	0.02121053091
org.springframework.core.io.buffer.NettyDataBuffer.release()	0.0953968254	0.01499475007
org.springframework.util.Assert.notNull(java.lang.Object,java.lang.String)	0.09333333333	0.01808270242
org.springframework.http.codec.ServerSentEventHttpMessageReader.isServerSentEvent(org.springframework.core.ResolvableType)	0.09333333333	0.01642684601
org.springframework.util.CollectionUtils$MultiValueMapAdapter.entrySet()	0.09317460317	0.01669762808
org.springframework.util.LinkedCaseInsensitiveMap.convertKey(java.lang.String)	0.0926984127	0.01993691234
reactor.ipc.netty.resources.ColocatedEventLoopGroup.get()	0.09253968254	0.01999748031
org.springframework.core.ResolvableType.getType()	0.09142857143	0.01641303613
org.springframework.core.SerializableTypeWrapper.forTypeProvider(org.springframework.core.SerializableTypeWrapper$TypeProvider)	0.09063492063	0.01067157861
org.springframework.http.HttpHeaders.isEmpty()	0.09031746032	0.01532383287
org.springframework.util.LinkedCaseInsensitiveMap.convertKey(java.lang.String)	0.08936507937	0.02053823503
org.springframework.util.LinkedCaseInsensitiveMap.convertKey(java.lang.String)	0.08857142857	0.02151833053
reactor.ipc.netty.ByteBufFlux.lambda$static$7(java.lang.Object)	0.08857142857	0.02107109228
org.springframework.web.util.HierarchicalUriComponents$Type.isUnreserved(int)	0.08698412698	0.01410109988
org.springframework.core.ResolvableType.forType(java.lang.reflect.Type,org.springframework.core.SerializableTypeWrapper$TypeProvider,org.springframework.core.ResolvableType$VariableResolver)	0.08666666667	0.01825741858
org.springframework.http.HttpHeaders.entrySet()	0.08587301587	0.01508020048
reactor.ipc.netty.options.NettyOptions.afterChannelInit()	0.08571428571	0.01150766283
org.springframework.util.LinkedCaseInsensitiveMap.convertKey(java.lang.String)	0.08571428571	0.01668706235
org.springframework.web.util.UriComponentsBuilder$FullPathComponentBuilder.cloneBuilder()	0.08555555556	0.01422916497
org.springframework.web.util.HierarchicalUriComponents$Type.isUnreserved(int)	0.08555555556	0.01422916497
reactor.ipc.netty.http.client.HttpClientOptions.acceptGzip()	0.0846031746	0.01698041793
org.springframework.util.MimeType.getCharset()	0.0846031746	0.0125767986
org.springframework.web.util.HierarchicalUriComponents$Type.isUnreserved(int)	0.08444444444	0.01788657187
org.springframework.util.LinkedCaseInsensitiveMap.convertKey(java.lang.String)	0.08396825397	0.01538290976
org.springframework.core.ResolvableType.forType(java.lang.reflect.Type,org.springframework.core.SerializableTypeWrapper$TypeProvider,org.springframework.core.ResolvableType$VariableResolver)	0.08317460317	0.01698041793
org.springframework.util.LinkedCaseInsensitiveMap$1.removeEldestEntry(java.util.Map$Entry)	0.08301587302	0.01599949609
org.springframework.util.Assert.notNull(java.lang.Object,java.lang.String)	0.0826984127	0.01115637041
org.springframework.util.LinkedCaseInsensitiveMap.convertKey(java.lang.String)	0.08238095238	0.01590789818
org.springframework.util.Assert.notNull(java.lang.Object,java.lang.String)	0.0819047619	0.01179953495
org.springframework.util.Assert.hasLength(java.lang.String,java.lang.String)	0.0819047619	0.02315284911
org.springframework.http.HttpHeaders.size()	0.08142857143	0.01283066056
org.springframework.web.util.HierarchicalUriComponents$Type.isUnreserved(int)	0.08063492063	0.0169848687
org.springframework.util.LinkedCaseInsensitiveMap$1.removeEldestEntry(java.util.Map$Entry)	0.08015873016	0.01647432476
org.springframework.util.LinkedCaseInsensitiveMap.convertKey(java.lang.String)	0.07952380952	0.01187615611
org.springframework.web.util.HierarchicalUriComponents.getQuery()	0.07936507937	0.01499979004
org.springframework.util.LinkedCaseInsensitiveMap$1.removeEldestEntry(java.util.Map$Entry)	0.07920634921	0.01483256684
org.springframework.util.CollectionUtils.toMultiValueMap(java.util.Map)	0.07825396825	0.01507017264
org.springframework.util.MimeType.isWildcardType()	0.07825396825	0.01189099733
org.springframework.util.LinkedCaseInsensitiveMap.convertKey(java.lang.String)	0.07825396825	0.01327842056
org.springframework.http.HttpHeaders.entrySet()	0.0780952381	0.01295378144
org.springframework.util.Assert.hasLength(java.lang.String,java.lang.String)	0.07793650794	0.01554907542
org.springframework.util.CollectionUtils.toMultiValueMap(java.util.Map)	0.07777777778	0.01302554809
org.springframework.web.util.HierarchicalUriComponents$Type$1.isAllowed(int)	0.07777777778	0.01547598697
org.springframework.util.MimeType.isWildcardType()	0.07777777778	0.01314684396
org.springframework.web.util.HierarchicalUriComponents$Type.isUnreserved(int)	0.07761904762	0.0138832188
org.springframework.util.LinkedCaseInsensitiveMap.convertKey(java.lang.String)	0.07714285714	0.01587936381
org.springframework.util.LinkedCaseInsensitiveMap$1.removeEldestEntry(java.util.Map$Entry)	0.07682539683	0.01832903818
org.springframework.util.Assert.hasLength(java.lang.String,java.lang.String)	0.07682539683	0.01735030276
org.springframework.util.MimeType.isWildcardType()	0.07682539683	0.01551501033
org.springframework.util.CollectionUtils.toMultiValueMap(java.util.Map)	0.07666666667	0.01168366109
org.springframework.util.LinkedCaseInsensitiveMap.convertKey(java.lang.String)	0.07666666667	0.01745743122
org.springframework.util.LinkedCaseInsensitiveMap.convertKey(java.lang.String)	0.07666666667	0.0142539329
org.springframework.util.Assert.hasLength(java.lang.String,java.lang.String)	0.07666666667	0.01671421788
org.springframework.util.MimeType.isWildcardType()	0.07603174603	0.01397726982
org.springframework.util.Assert.notNull(java.lang.Object,java.lang.String)	0.07603174603	0.01106111199
org.springframework.util.MimeType.isWildcardType()	0.07587301587	0.01569904664
org.springframework.util.Assert.hasLength(java.lang.String,java.lang.String)	0.07587301587	0.01579983129
org.springframework.util.LinkedCaseInsensitiveMap.convertKey(java.lang.String)	0.07571428571	0.01204677204
org.springframework.web.util.HierarchicalUriComponents$Type.isUnreserved(int)	0.07555555556	0.01788657187
org.springframework.util.LinkedCaseInsensitiveMap.convertKey(java.lang.String)	0.0753968254	0.0148885166
org.springframework.util.LinkedCaseInsensitiveMap.convertKey(java.lang.String)	0.0753968254	0.0148885166
org.springframework.core.ResolvableType.getType()	0.0753968254	0.01725857476
org.springframework.util.CollectionUtils.toMultiValueMap(java.util.Map)	0.07523809524	0.01531231923
org.springframework.util.LinkedCaseInsensitiveMap$1.removeEldestEntry(java.util.Map$Entry)	0.07523809524	0.01270634673
org.springframework.core.ResolvableType.forType(java.lang.reflect.Type,org.springframework.core.SerializableTypeWrapper$TypeProvider,org.springframework.core.ResolvableType$VariableResolver)	0.07523809524	0.01401327521
org.springframework.web.util.HierarchicalUriComponents$Type.isUnreserved(int)	0.07507936508	0.01412787584
org.springframework.util.LinkedCaseInsensitiveMap$1.removeEldestEntry(java.util.Map$Entry)	0.07507936508	0.01245601988
org.springframework.web.util.HierarchicalUriComponents$Type.isUnreserved(int)	0.07492063492	0.01950767174
org.springframework.util.MimeType.isWildcardType()	0.07492063492	0.0133182076
org.springframework.core.io.buffer.NettyDataBuffer.asByteBuffer()	0.07492063492	0.01139103182
org.springframework.web.util.HierarchicalUriComponents.getPath()	0.07476190476	0.01434906588
org.springframework.util.Assert.hasLength(java.lang.String,java.lang.String)	0.0746031746	0.01400967883
org.springframework.web.util.HierarchicalUriComponents$Type.isUnreserved(int)	0.07396825397	0.01453399764
org.springframework.web.util.HierarchicalUriComponents$Type$1.isAllowed(int)	0.07365079365	0.01525462067
org.springframework.util.Assert.hasLength(java.lang.String,java.lang.String)	0.07365079365	0.0107351355
org.springframework.web.util.HierarchicalUriComponents$Type.isUnreserved(int)	0.07349206349	0.01129105984
org.springframework.util.MimeType.isWildcardType()	0.07333333333	0.01168366109
org.springframework.web.util.HierarchicalUriComponents$Type.isUnreserved(int)	0.07317460317	0.01152297867
org.springframework.web.util.HierarchicalUriComponents$Type.isUnreserved(int)	0.07317460317	0.01343123543
org.springframework.core.ResolvableType.getType()	0.07317460317	0.01660229443
org.springframework.util.MimeType.isWildcardType()	0.07285714286	0.01214052265
org.springframework.http.HttpStatus$Series.valueOf(int)	0.07285714286	0.01302361365
reactor.ipc.netty.resources.ColocatedEventLoopGroup.next()	0.0726984127	0.01086809065
org.springframework.util.MimeType.isWildcardType()	0.0726984127	0.01503502252
org.springframework.web.util.HierarchicalUriComponents$Type$1.isAllowed(int)	0.07238095238	0.01019092122
org.springframework.core.ResolvableType.getSuperType()	0.07238095238	0.01243577605
org.springframework.web.util.HierarchicalUriComponents$Type.isUnreserved(int)	0.0719047619	0.01124858268
org.springframework.util.Assert.hasLength(java.lang.String,java.lang.String)	0.07142857143	0.01219642712
org.springframework.core.ResolvableType.getType()	0.07126984127	0.009838709344
org.springframework.core.ResolvableType.getType()	0.07063492063	0.01096502606
org.springframework.core.ResolvableType.getType()	0.07015873016	0.01061476413
org.springframework.web.reactive.function.client.DefaultClientRequestBuilder.attributes(java.util.function.Consumer)	0.06714285714	0.01567816917
reactor.ipc.netty.options.InetSocketAddressUtil.attemptParsingIpString(java.lang.String)	0.06428571429	0.008857654875
org.springframework.http.client.reactive.ReactorClientHttpConnector.adaptHttpMethod(org.springframework.http.HttpMethod)	0.06396825397	0.0152793753
org.springframework.util.CollectionUtils$MultiValueMapAdapter.entrySet()	0.05888888889	0.01298486434
org.springframework.http.client.reactive.AbstractClientHttpRequest.getHeaders()	0.05825396825	0.0130371487
reactor.ipc.netty.tcp.TcpClient.lambda$static$3(io.netty.channel.socket.SocketChannel,reactor.ipc.netty.channel.ContextHandler,java.lang.Object)	0.05603174603	0.00917894114
org.springframework.web.util.HierarchicalUriComponents$EncodeState.isEncoded()	0.05555555556	0.01035524218
reactor.ipc.netty.ReactorNetty$OutboundThen.then()	0.05507936508	0.01467889273
reactor.ipc.netty.http.client.HttpClientOptions.isSecure(java.net.URI)	0.05444444444	0.007512482264
org.springframework.web.reactive.function.BodyExtractors.cast(org.springframework.http.codec.HttpMessageReader)	0.05444444444	0.01095123067
org.springframework.web.reactive.function.client.DefaultWebClient.access$100(org.springframework.web.reactive.function.client.DefaultWebClient)	0.05412698413	0.0158999771
org.springframework.web.util.HierarchicalUriComponents.getPort()	0.05253968254	0.006659103798
reactor.ipc.netty.options.NettyOptions.getLoopResources()	0.0519047619	0.01355261854
reactor.ipc.netty.resources.ColocatedEventLoopGroup.next()	0.05031746032	0.01126425079
reactor.ipc.netty.options.ClientOptions.useProxy(java.lang.String)	0.05	0.006424160744
org.springframework.core.ResolvableType.forClass(java.lang.Class)	0.04857142857	0.07584146252
org.springframework.web.reactive.function.client.DefaultClientRequestBuilder$BodyInserterRequest.method()	0.04825396825	0.01016368927
reactor.ipc.netty.http.client.HttpClientOptions.formatSchemeAndHost(java.lang.String,boolean)	0.04761904762	0.009712418121
org.springframework.web.reactive.function.client.ExchangeFunctions$DefaultExchangeFunction.lambda$exchange$2(long)	0.04682539683	0.008512436621
org.springframework.web.reactive.function.client.DefaultClientResponse$1.hints()	0.04682539683	0.01832903818
org.springframework.web.reactive.function.client.DefaultWebClient.access$400(org.springframework.web.reactive.function.client.DefaultWebClient)	0.04682539683	0.01412252471
org.springframework.http.HttpStatus$Series.values()	0.04650793651	0.009784784132
org.springframework.web.util.HierarchicalUriComponents$Type.isAlpha(int)	0.04634920635	0.007827827305
org.springframework.core.io.buffer.DataBufferUtils.lambda$join$16(java.util.List)	0.04634920635	0.00964473494
org.springframework.util.Assert.notNull(java.lang.Object,java.lang.String)	0.04603174603	0.01374826772
reactor.ipc.netty.http.client.MonoHttpClientResponse$ReconnectableBridge.accept(io.netty.channel.Channel)	0.04603174603	0.008826310333
org.springframework.http.client.reactive.ReactorClientHttpResponse.getRawStatusCode()	0.04587301587	0.008662072159
org.springframework.util.Assert.notNull(java.lang.Object,java.lang.String)	0.04587301587	0.009021125231
reactor.ipc.netty.channel.ContextHandler.onPipeline(java.util.function.BiConsumer)	0.04555555556	0.00868821091
org.springframework.util.Assert.notNull(java.lang.Object,java.lang.String)	0.04555555556	0.01366001903
org.springframework.http.HttpStatus.values()	0.0453968254	0.008696906369
org.springframework.web.util.UriComponents.expandUriComponent(java.lang.String,org.springframework.web.util.UriComponents$UriTemplateVariables,java.util.function.UnaryOperator)	0.0446031746	0.00922821705
org.springframework.util.CollectionUtils$MultiValueMapAdapter.size()	0.04444444444	0.01178885373
org.springframework.core.ResolvableType.resolve(java.lang.Class)	0.04444444444	0.01080531583
reactor.ipc.netty.resources.ColocatedEventLoopGroup.next()	0.04412698413	0.008093681768
org.springframework.util.CollectionUtils.isEmpty(java.util.Map)	0.04365079365	0.01158838873
reactor.ipc.netty.resources.DefaultPoolResources$SocketAddressHolder.hashCode()	0.04333333333	0.009085135252
org.springframework.util.LinkedCaseInsensitiveMap.getLocale()	0.04317460317	0.01095813054
org.springframework.web.util.HierarchicalUriComponents$FullPathComponent.getPath()	0.04301587302	0.00726699882
reactor.ipc.netty.options.NettyOptions.afterNettyContextInit()	0.04301587302	0.006077520546
org.springframework.http.HttpHeaders.lambda$add$5(java.lang.String)	0.04301587302	0.00726699882
org.springframework.web.util.HierarchicalUriComponents.getHostType()	0.0426984127	0.01057195289
org.springframework.web.util.UriComponents.getFragment()	0.04253968254	0.0114042952
org.springframework.http.HttpStatus.access$000(org.springframework.http.HttpStatus)	0.04238095238	0.01550363866
org.springframework.web.reactive.function.client.DefaultClientResponse.access$100(org.springframework.web.reactive.function.client.DefaultClientResponse)	0.04206349206	0.006704353042
org.springframework.web.reactive.function.client.DefaultClientResponse$1.serverResponse()	0.04206349206	0.008757532841
org.springframework.web.util.HierarchicalUriComponents$Type.isAlpha(int)	0.0419047619	0.009571310115
org.springframework.util.LinkedMultiValueMap.values()	0.04174603175	0.005784402272
org.springframework.core.io.buffer.NettyDataBuffer.factory()	0.04126984127	0.01161444961
org.springframework.util.StringUtils.isEmpty(java.lang.Object)	0.04079365079	0.005718693186
org.springframework.http.client.reactive.AbstractClientHttpRequest.getCookies()	0.04031746032	0.0437876642
org.springframework.util.LinkedCaseInsensitiveMap.entrySet()	0.04	0.009920317455
org.springframework.core.ResolvableType.forTypes(java.lang.reflect.Type[],org.springframework.core.ResolvableType$VariableResolver)	0.03984126984	0.01786119883
reactor.ipc.netty.http.client.HttpClientOptions.acceptGzip()	0.03936507937	0.009573942127
org.springframework.web.reactive.function.client.DefaultWebClient.access$200()	0.03904761905	0.007284313591
org.springframework.util.StringUtils.hasLength(java.lang.String)	0.03841269841	0.01262478656
reactor.ipc.netty.options.ClientOptions.getPoolResources()	0.0380952381	0.00638876565
org.springframework.web.util.HierarchicalUriComponents$FullPathComponent.getPath()	0.03793650794	0.008757532841
org.springframework.web.reactive.function.client.DefaultWebClient.access$500(org.springframework.web.reactive.function.client.DefaultWebClient)	0.03777777778	0.009334089161
org.springframework.util.Assert.notNull(java.lang.Object,java.lang.String)	0.03777777778	0.009334089161
org.springframework.util.Assert.notNull(java.lang.Object,java.lang.String)	0.03761904762	0.01122840583
org.springframework.util.StringUtils.hasLength(java.lang.String)	0.03746031746	0.008158791921
org.springframework.util.Assert.notNull(java.lang.Object,java.lang.String)	0.0373015873	0.006947958295
org.springframework.util.CollectionUtils.isEmpty(java.util.Map)	0.03682539683	0.00887754378
reactor.ipc.netty.options.NettyOptions.preferNative()	0.03650793651	0.009454776261
reactor.ipc.netty.options.NettyOptions.sslContext()	0.03634920635	0.00964473494
org.springframework.web.util.UriComponents.expandUriComponent(java.lang.String,org.springframework.web.util.UriComponents$UriTemplateVariables,java.util.function.UnaryOperator)	0.03619047619	0.007853534525
org.springframework.web.util.HierarchicalUriComponents$Type.isDigit(int)	0.03619047619	0.008624176322
org.springframework.util.Assert.notNull(java.lang.Object,java.lang.String)	0.03603174603	0.008269216684
reactor.ipc.netty.options.ClientOptions.useDatagramChannel()	0.03603174603	0.007671775221
org.springframework.util.Assert.notNull(java.lang.Object,java.lang.String)	0.03587301587	0.01048580607
org.springframework.web.reactive.function.client.DefaultWebClient.access$300(org.springframework.web.reactive.function.client.DefaultWebClient)	0.03571428571	0.009035079029
org.springframework.http.client.reactive.AbstractClientHttpRequest.getHeaders()	0.03571428571	0.009712418121
org.springframework.util.ObjectUtils.nullSafeEquals(java.lang.Object,java.lang.Object)	0.03571428571	0.01164478025
org.springframework.util.MimeType.getParameter(java.lang.String)	0.03571428571	0.006834619093
org.springframework.util.LinkedMultiValueMap.size()	0.03555555556	0.00729813583
org.springframework.util.Assert.state(boolean,java.lang.String)	0.03555555556	0.00868821091
org.springframework.web.util.UriComponents.expandUriComponent(java.lang.String,org.springframework.web.util.UriComponents$UriTemplateVariables,java.util.function.UnaryOperator)	0.03555555556	0.0153040899
org.springframework.util.LinkedMultiValueMap.entrySet()	0.03555555556	0.008503552531
org.springframework.http.HttpHeaders.lambda$add$5(java.lang.String)	0.0353968254	0.008130951413
org.springframework.web.util.HierarchicalUriComponents$Type.isAlpha(int)	0.03523809524	0.006632565846
org.springframework.util.StringUtils.hasLength(java.lang.String)	0.03523809524	0.007737179433
reactor.ipc.netty.options.NettyOptions.getLoopResources()	0.03507936508	0.009236404143
org.springframework.core.ResolvableType$SyntheticParameterizedType.getRawType()	0.03507936508	0.007740435137
org.springframework.http.HttpHeaders.lambda$add$5(java.lang.String)	0.03507936508	0.007318820243
reactor.ipc.netty.channel.ContextHandler.onPipeline(java.util.function.BiConsumer)	0.03492063492	0.006871384388
org.springframework.util.MimeType.checkToken(java.lang.String)	0.03492063492	0.01139103182
org.springframework.core.SerializableTypeWrapper.forTypeParameters(java.lang.Class)	0.03492063492	0.007532578106
org.springframework.web.util.HierarchicalUriComponents$Type.isAlpha(int)	0.03476190476	0.008137146424
org.springframework.web.util.HierarchicalUriComponents$Type.isSubDelimiter(int)	0.03476190476	0.01051939144
org.springframework.util.Assert.notNull(java.lang.Object,java.lang.String)	0.0346031746	0.008130951413
reactor.ipc.netty.options.NettyOptions.preferNative()	0.0346031746	0.007730663912
reactor.ipc.netty.resources.ColocatedEventLoopGroup.get()	0.0346031746	0.00887754378
org.springframework.util.CollectionUtils$MultiValueMapAdapter.isEmpty()	0.03444444444	0.01020080572
org.springframework.web.util.HierarchicalUriComponents$Type.isAlpha(int)	0.03428571429	0.009209085527
org.springframework.web.util.DefaultUriBuilderFactory.access$000(org.springframework.web.util.DefaultUriBuilderFactory)	0.03412698413	0.006816162081
reactor.ipc.netty.resources.DefaultLoopEpoll.hasEpoll()	0.03412698413	0.007482237301
org.springframework.util.LinkedCaseInsensitiveMap.entrySet()	0.03412698413	0.007482237301
org.springframework.core.ResolvableType.getRawClass()	0.03412698413	0.008093681768
org.springframework.util.LinkedCaseInsensitiveMap.removeEldestEntry(java.util.Map$Entry)	0.03396825397	0.005784402272
reactor.ipc.netty.resources.DefaultLoopKQueue.hasKQueue()	0.03380952381	0.008984743935
org.springframework.web.util.UriComponents.getScheme()	0.03365079365	0.01043522534
org.springframework.util.LinkedCaseInsensitiveMap.getLocale()	0.03365079365	0.005718693186
org.springframework.web.util.UriComponents.getFragment()	0.03349206349	0.008195765488
org.springframework.util.Assert.notNull(java.lang.Object,java.lang.String)	0.03349206349	0.005951851828
org.springframework.web.reactive.function.client.DefaultClientRequestBuilder$BodyInserterRequest.url()	0.03349206349	0.007380525675
org.springframework.util.LinkedCaseInsensitiveMap.isEmpty()	0.03349206349	0.006212820886
org.springframework.util.LinkedCaseInsensitiveMap.removeEldestEntry(java.util.Map$Entry)	0.03349206349	0.008757532841
org.springframework.web.util.DefaultUriBuilderFactory.access$300(org.springframework.web.util.DefaultUriBuilderFactory)	0.03333333333	0.005909368403
org.springframework.util.Assert.notNull(java.lang.Object,java.lang.String)	0.03333333333	0.006900655593
org.springframework.util.MimeType.checkToken(java.lang.String)	0.03333333333	0.01447493729
org.springframework.util.LinkedCaseInsensitiveMap.getLocale()	0.03333333333	0.005909368403
org.springframework.util.MimeType.checkToken(java.lang.String)	0.03333333333	0.006900655593
org.springframework.util.MimeType.getType()	0.03317460317	0.007522536896
org.springframework.web.util.UriComponents.getScheme()	0.03317460317	0.00612706637
org.springframework.util.LinkedCaseInsensitiveMap.size()	0.03317460317	0.007730663912
reactor.ipc.netty.http.client.HttpClientOptions.isSecure(java.net.URI)	0.03317460317	0.00612706637
reactor.ipc.netty.resources.DefaultLoopKQueue.hasKQueue()	0.03317460317	0.01124410206
org.springframework.http.client.reactive.AbstractClientHttpRequest.getCookies()	0.03317460317	0.006624964049
org.springframework.util.LinkedMultiValueMap.size()	0.03301587302	0.006579168818
org.springframework.core.SerializableTypeWrapper.forTypeParameters(java.lang.Class)	0.03301587302	0.006816162081
org.springframework.http.HttpHeaders.lambda$add$5(java.lang.String)	0.03301587302	0.00458947057
org.springframework.util.LinkedCaseInsensitiveMap.removeEldestEntry(java.util.Map$Entry)	0.03301587302	0.006077520546
org.springframework.util.MimeType.checkToken(java.lang.String)	0.03301587302	0.006579168818
org.springframework.web.util.UriComponents.expandUriComponent(java.lang.String,org.springframework.web.util.UriComponents$UriTemplateVariables,java.util.function.UnaryOperator)	0.03285714286	0.008438116737
org.springframework.web.reactive.function.client.DefaultExchangeStrategiesBuilder$DefaultExchangeStrategies.messageReaders()	0.03285714286	0.00628138379
org.springframework.core.ResolvableType.getRawClass()	0.03285714286	0.00628138379
org.springframework.util.LinkedCaseInsensitiveMap.getLocale()	0.03285714286	0.005172752615
org.springframework.util.LinkedCaseInsensitiveMap.getLocale()	0.03285714286	0.004856209061
org.springframework.util.MimeType.getType()	0.03285714286	0.006998542122
org.springframework.util.MimeType.getSubtype()	0.03285714286	0.006998542122
org.springframework.util.CollectionUtils.isEmpty(java.util.Map)	0.03285714286	0.005471012044
org.springframework.util.LinkedMultiValueMap.size()	0.0326984127	0.005406154402
org.springframework.util.Assert.notNull(java.lang.Object,java.lang.String)	0.0326984127	0.006224975096
org.springframework.core.ResolvableType$SyntheticParameterizedType.getRawType()	0.0326984127	0.009953279623
org.springframework.util.LinkedCaseInsensitiveMap.getLocale()	0.0326984127	0.007390759827
org.springframework.util.CollectionUtils.isEmpty(java.util.Map)	0.0326984127	0.00478302196
org.springframework.util.MimeType.checkToken(java.lang.String)	0.0326984127	0.006224975096
org.springframework.web.util.DefaultUriBuilderFactory.access$100(org.springframework.web.util.DefaultUriBuilderFactory)	0.03253968254	0.005335789306
org.springframework.util.LinkedMultiValueMap.entrySet()	0.03253968254	0.005900835014
org.springframework.util.Assert.notNull(java.lang.Object,java.lang.String)	0.03253968254	0.005900835014
org.springframework.util.CollectionUtils$MultiValueMapAdapter.isEmpty()	0.03253968254	0.005900835014
org.springframework.util.Assert.notNull(java.lang.Object,java.lang.String)	0.03253968254	0.005900835014
org.springframework.core.ResolvableType.resolve(java.lang.Class)	0.03253968254	0.006416312042
org.springframework.core.ResolvableType.getRawClass()	0.03253968254	0.005335789306
org.springframework.util.LinkedCaseInsensitiveMap.getLocale()	0.03253968254	0.004703343616
org.springframework.util.MimeType.getParameters()	0.03253968254	0.005335789306
org.springframework.core.SerializableTypeWrapper.forTypeParameters(java.lang.Class)	0.03238095238	0.005832118435
org.springframework.web.util.UriComponents.expandUriComponent(java.lang.String,org.springframework.web.util.UriComponents$UriTemplateVariables,java.util.function.UnaryOperator)	0.03238095238	0.006098213559
org.springframework.util.LinkedMultiValueMap.entrySet()	0.03238095238	0.005259695722
org.springframework.util.Assert.notNull(java.lang.Object,java.lang.String)	0.03238095238	0.005832118435
org.springframework.util.LinkedMultiValueMap.size()	0.03222222222	0.005475615337
org.springframework.util.LinkedMultiValueMap.entrySet()	0.03222222222	0.005177621089
org.springframework.http.HttpHeaders.lambda$add$5(java.lang.String)	0.03222222222	0.005177621089
org.springframework.core.ResolvableType.getRawClass()	0.03222222222	0.005177621089
org.springframework.util.Assert.notNull(java.lang.Object,java.lang.String)	0.03222222222	0.008441102095
org.springframework.util.MimeType.checkToken(java.lang.String)	0.03222222222	0.006027567475
org.springframework.web.util.UriComponentsBuilder$FullPathComponentBuilder.append(java.lang.String)	0.03206349206	0.004767192831
org.springframework.web.util.UriComponents.expandUriComponent(java.lang.String,org.springframework.web.util.UriComponents$UriTemplateVariables,java.util.function.UnaryOperator)	0.03206349206	0.0056789028
org.springframework.web.util.HierarchicalUriComponents$Type.isAlpha(int)	0.03206349206	0.009454776261
org.springframework.http.HttpHeaders.lambda$add$5(java.lang.String)	0.03206349206	0.004767192831
org.springframework.core.ResolvableType.forClass(java.lang.Class)	0.03206349206	0.004421710564
org.springframework.core.ResolvableType.resolveClass()	0.03206349206	0.006463261293
org.springframework.util.StringUtils.hasLength(java.lang.String)	0.03206349206	0.008195765488
org.springframework.core.io.buffer.NettyDataBuffer.getNativeBuffer()	0.03206349206	0.005392154842
org.springframework.util.ObjectUtils.isEmpty(java.lang.Object[])	0.0319047619	0.005302632727
org.springframework.util.Assert.notNull(java.lang.Object,java.lang.String)	0.0319047619	0.006135285108
org.springframework.web.util.HierarchicalUriComponents$Type.isAlpha(int)	0.0319047619	0.004665694748
org.springframework.util.LinkedMultiValueMap.entrySet()	0.0319047619	0.006135285108
org.springframework.util.LinkedCaseInsensitiveMap.getLocale()	0.0319047619	0.005302632727
org.springframework.util.LinkedCaseInsensitiveMap.getLocale()	0.0319047619	0.005870870479
org.springframework.util.LinkedCaseInsensitiveMap.removeEldestEntry(java.util.Map$Entry)	0.0319047619	0.006135285108
org.springframework.util.CollectionUtils.isEmpty(java.util.Map)	0.0319047619	0.004994327848
org.springframework.core.SerializableTypeWrapper.unwrap(java.lang.reflect.Type)	0.0319047619	0.004994327848
org.springframework.http.codec.json.Jackson2CodecSupport.getObjectMapper()	0.0319047619	0.004665694748
org.springframework.web.util.DefaultUriBuilderFactory.access$100(org.springframework.web.util.DefaultUriBuilderFactory)	0.03174603175	0.004193601528
org.springframework.web.util.HierarchicalUriComponents$Type.isAlpha(int)	0.03174603175	0.01077028283
org.springframework.util.CollectionUtils$MultiValueMapAdapter.size()	0.03174603175	0.005784402272
org.springframework.util.Assert.notNull(java.lang.Object,java.lang.String)	0.03174603175	0.005206736339
reactor.ipc.netty.resources.DefaultLoopEpoll.hasEpoll()	0.03174603175	0.003796273252
org.springframework.util.LinkedCaseInsensitiveMap.removeEldestEntry(java.util.Map$Entry)	0.03174603175	0.005206736339
org.springframework.util.LinkedCaseInsensitiveMap.getLocale()	0.03174603175	0.006556151247
org.springframework.util.LinkedCaseInsensitiveMap.removeEldestEntry(java.util.Map$Entry)	0.03174603175	0.004556412728
org.springframework.util.StringUtils.hasLength(java.lang.String)	0.03174603175	0.006052595544
org.springframework.util.MimeType.getType()	0.03174603175	0.008826310333
org.springframework.core.ResolvableType.forTypes(java.lang.reflect.Type[],org.springframework.core.ResolvableType$VariableResolver)	0.03174603175	0.004556412728
org.springframework.util.StringUtils.hasLength(java.lang.String)	0.03174603175	0.005206736339
org.springframework.util.StringUtils.hasLength(java.lang.String)	0.03174603175	0.006793947479
org.springframework.util.Assert.notNull(java.lang.Object,java.lang.String)	0.03158730159	0.00478302196
org.springframework.util.LinkedMultiValueMap.size()	0.03158730159	0.006715617715
org.springframework.util.LinkedCaseInsensitiveMap.entrySet()	0.03158730159	0.00510410641
org.springframework.util.LinkedCaseInsensitiveMap.getLocale()	0.03158730159	0.005406154402
org.springframework.util.MimeType.checkToken(java.lang.String)	0.03158730159	0.00443877189
org.springframework.util.CollectionUtils.isEmpty(java.util.Map)	0.03158730159	0.004065475706
org.springframework.util.MimeType.getType()	0.03158730159	0.005692197167
org.springframework.core.ResolvableType.resolveClass()	0.03158730159	0.00596453785
org.springframework.core.ResolvableType.resolveClass()	0.03158730159	0.005692197167
org.springframework.core.ResolvableType.resolveType()	0.03158730159	0.00596453785
org.springframework.util.MimeType.getType()	0.03158730159	0.00596453785
org.springframework.util.StringUtils.hasLength(java.lang.String)	0.03158730159	0.006474945414
org.springframework.util.Assert.notNull(java.lang.Object,java.lang.String)	0.03142857143	0.004312088161
org.springframework.web.util.HierarchicalUriComponents$Type.isAlpha(int)	0.03142857143	0.006867716715
org.springframework.web.util.UriComponents.getFragment()	0.03142857143	0.005593971488
org.springframework.core.ResolvableType.resolveType()	0.03142857143	0.004312088161
org.springframework.core.ResolvableType.forClass(java.lang.Class)	0.03142857143	0.004665694748
org.springframework.util.MimeType.getType()	0.03142857143	0.005870870479
org.springframework.util.Assert.notNull(java.lang.Object,java.lang.String)	0.03142857143	0.004312088161
org.springframework.web.util.HierarchicalUriComponents$Type.isAlpha(int)	0.03126984127	0.006544612104
org.springframework.util.Assert.notNull(java.lang.Object,java.lang.String)	0.03126984127	0.005771320306
org.springframework.web.util.HierarchicalUriComponents$FullPathComponent.getPath()	0.03126984127	0.004539793538
org.springframework.util.Assert.notNull(java.lang.Object,java.lang.String)	0.03126984127	0.006544612104
org.springframework.util.LinkedCaseInsensitiveMap.getLocale()	0.03126984127	0.006297407754
org.springframework.util.LinkedCaseInsensitiveMap.getLocale()	0.03126984127	0.005489402053
org.springframework.util.MimeType.getType()	0.03126984127	0.003776310239
org.springframework.util.StringUtils.hasLength(java.lang.String)	0.03126984127	0.007451869584
org.springframework.util.MimeType.getType()	0.03126984127	0.00701292763
org.springframework.core.SerializableTypeWrapper.forTypeParameters(java.lang.Class)	0.03126984127	0.003776310239
org.springframework.util.MimeType.getType()	0.03126984127	0.006544612104
org.springframework.util.MimeType.getType()	0.03126984127	0.005192199122
org.springframework.core.ResolvableType.resolveType()	0.03111111111	0.005074402338
org.springframework.core.SerializableTypeWrapper.unwrap(java.lang.reflect.Type)	0.03111111111	0.004751310967
org.springframework.core.ResolvableType.getRawClass()	0.03111111111	0.004028119854
org.springframework.util.Assert.notNull(java.lang.Object,java.lang.String)	0.03111111111	0.00361263704
org.springframework.util.Assert.notNull(java.lang.Object,java.lang.String)	0.03095238095	0.005553287519
org.springframework.util.Assert.notNull(java.lang.Object,java.lang.String)	0.03095238095	0.003868589716
org.springframework.web.util.HierarchicalUriComponents$Type.isAlpha(int)	0.03095238095	0.007284313591
org.springframework.web.util.HierarchicalUriComponents$Type.isAlpha(int)	0.03095238095	0.004948716593
org.springframework.util.Assert.notNull(java.lang.Object,java.lang.String)	0.03095238095	0.0042591771
org.springframework.util.MimeType.checkToken(java.lang.String)	0.03095238095	0.003868589716
org.springframework.core.ResolvableType.resolve()	0.03095238095	0.004616837959
org.springframework.core.ResolvableType.forTypes(java.lang.reflect.Type[],org.springframework.core.ResolvableType$VariableResolver)	0.03095238095	0.0042591771
org.springframework.util.MimeType.getType()	0.03095238095	0.005259695722
org.springframework.http.HttpStatus$Series.values()	0.03095238095	0.003868589716
org.springframework.web.util.DefaultUriBuilderFactory.access$000(org.springframework.web.util.DefaultUriBuilderFactory)	0.03079365079	0.003695379913
org.springframework.core.ResolvableType.getRawClass()	0.03079365079	0.003237472707
org.springframework.core.SerializableTypeWrapper.unwrap(java.lang.reflect.Type)	0.03079365079	0.004102491423
org.springframework.core.SerializableTypeWrapper.unwrap(java.lang.reflect.Type)	0.03079365079	0.005133638612
org.springframework.core.SerializableTypeWrapper.unwrap(java.lang.reflect.Type)	0.03079365079	0.00598982929
org.springframework.util.MimeType.getType()	0.03079365079	0.004102491423
org.springframework.util.StringUtils.hasLength(java.lang.String)	0.03079365079	0.00719382171
org.springframework.http.HttpStatus.access$000(org.springframework.http.HttpStatus)	0.03079365079	0.005133638612
org.springframework.web.util.HierarchicalUriComponents$Type.isAlpha(int)	0.03063492063	0.006139390351
org.springframework.web.util.HierarchicalUriComponents$Type.isAlpha(int)	0.03063492063	0.003933178315
org.springframework.web.util.UriComponents.getScheme()	0.03063492063	0.004317927146
org.springframework.util.LinkedCaseInsensitiveMap.getLocale()	0.03063492063	0.004317927146
org.springframework.util.MimeType.getSubtype()	0.03063492063	0.004317927146
org.springframework.core.ResolvableType.isArray()	0.03063492063	0.004999370079
org.springframework.core.SerializableTypeWrapper.unwrap(java.lang.reflect.Type)	0.03063492063	0.004317927146
org.springframework.core.ResolvableType.resolve(java.lang.Class)	0.03063492063	0.003020047237
org.springframework.web.util.UriComponents.getScheme()	0.03047619048	0.004517539515
org.springframework.util.MimeType.getParameters()	0.03047619048	0.003299144395
org.springframework.util.MimeType.getType()	0.03047619048	0.004151332327
org.springframework.core.ResolvableType.forTypes(java.lang.reflect.Type[],org.springframework.core.ResolvableType$VariableResolver)	0.03047619048	0.002776643759
org.springframework.util.Assert.notNull(java.lang.Object,java.lang.String)	0.03047619048	0.006023386019
org.springframework.web.util.HierarchicalUriComponents$Type.isAlpha(int)	0.03031746032	0.004352796572
org.springframework.util.Assert.notNull(java.lang.Object,java.lang.String)	0.03031746032	0.003069695176
org.springframework.util.MimeType.getType()	0.03031746032	0.00354931425
org.springframework.core.ResolvableType.resolve()	0.03031746032	0.004352796572
org.springframework.core.ResolvableType.hasUnresolvableGenerics()	0.03031746032	0.002499685039
org.springframework.web.util.HierarchicalUriComponents$Type.isAlpha(int)	0.03015873016	0.005192199122
org.springframework.web.util.HierarchicalUriComponents$Type.isAlpha(int)	0.03015873016	0.004876917935
org.springframework.util.MimeType.getType()	0.03015873016	0.003776310239
org.springframework.util.Assert.notNull(java.lang.Object,java.lang.String)	0.03015873016	0.002812705579
org.springframework.core.ResolvableType.resolve()	0.03015873016	0.002812705579
org.springframework.core.ResolvableType.resolve()	0.03015873016	0.006782812895
org.springframework.web.util.HierarchicalUriComponents$Type.isAlpha(int)	0.03	0.003563483225
org.springframework.util.StringUtils.hasLength(java.lang.String)	0.03	0.004364357805
org.springframework.util.StringUtils.hasLength(java.lang.String)	0.03	0.004714045208
org.springframework.util.MimeType.getType()	0.03	0.004364357805
org.springframework.util.MimeType.getType()	0.03	0.005345224838
org.springframework.util.StringUtils.hasLength(java.lang.String)	0.02984126984	0.005489402053
org.springframework.util.StringUtils.hasLength(java.lang.String)	0.02984126984	0.005771320306
org.springframework.util.StringUtils.hasLength(java.lang.String)	0.02968253968	0.004703343616
org.springframework.util.StringUtils.hasLength(java.lang.String)	0.02904761905	0.004616837959